
INSERT INTO COUNTRY(COUNTRY_ID, COOUNTY_NME)
VALUES(1, 'Pakistan');

INSERT INTO PROVINCE(PROVINCE_ID, PROVINCE_NME, COUNTRY_ID)
VALUES(1, 'Punjab', 1);

INSERT INTO CITY(CITY_ID, CITY_NME, COUNTRY_ID, PROVINCE_ID)
VALUES(1, 'Lahore', 1, 1);

INSERT INTO COMPANY(COMPANY_ID, COUNTRY_ID, PROVINCE_ID, CITY_ID, COMPANY_NME, ADDRESS, OFFICE_ADDRESS, LAND_LINE, AUTH_PERSON, EMAIL, LOGIN_ID, LOGIN_PASSWORD)
VALUES(0,1,1,1,'ENTERNTEE', 'LHR', 'LHR', '042-12456378', 'super@gmail.com', 'super@gmail.com', 'super@gmail.com','123456');

INSERT INTO WEB_USERS(USER_ID, USER_NAME, LOGIN_ID, USER_PASSWORD, USER_EMAIL, COMPANY_ID)
VALUES(1,'Super User','super@gmail.com','$2a$10$oUQs6m.jHont8Sm6s2CuGe7N9NG4vVuqbcUjkDAfVvcC1pb0mlCQ6','super@gmail.com',0);

INSERT INTO IMS_CHECKLIST_TYPE(CHECKLIST_TYPE_ID, TITLE) VALUES(10, 'Customer');
INSERT INTO IMS_CHECKLIST_TYPE(CHECKLIST_TYPE_ID, TITLE) VALUES(11, 'Employee');
INSERT INTO IMS_CHECKLIST_TYPE(CHECKLIST_TYPE_ID, TITLE) VALUES(12, 'Advisor');
INSERT INTO IMS_CHECKLIST_TYPE(CHECKLIST_TYPE_ID, TITLE) VALUES(13, 'Mentainence');


INSERT INTO RIGHTS(RIGHT_ID, PARENT_ID, RIGHT_TXT, SORT, URL, ACTIVE_IND, DISPLAY_IND, ICON) VALUES(12,NULL,'Product/Assets', 3, '', 'Y', 'Y', 'Y');
INSERT INTO RIGHTS(RIGHT_ID, PARENT_ID, RIGHT_TXT, SORT, URL, ACTIVE_IND, DISPLAY_IND, ICON) VALUES(1,NULL,'Dashboard', 1, '.', 'Y', 'Y', '');
INSERT INTO RIGHTS(RIGHT_ID, PARENT_ID, RIGHT_TXT, SORT, URL, ACTIVE_IND, DISPLAY_IND, ICON) VALUES(14,NULL,'Listing/Messaging', 4, '', 'Y', 'Y', 'Y');
INSERT INTO RIGHTS(RIGHT_ID, PARENT_ID, RIGHT_TXT, SORT, URL, ACTIVE_IND, DISPLAY_IND, ICON) VALUES(27,NULL,'Reports', 6, 'reports', 'Y', 'N', 'Y');
INSERT INTO RIGHTS(RIGHT_ID, PARENT_ID, RIGHT_TXT, SORT, URL, ACTIVE_IND, DISPLAY_IND, ICON) VALUES(53,NULL,'Admin Panel', 9, '', 'Y', 'Y', 'Y');
INSERT INTO RIGHTS(RIGHT_ID, PARENT_ID, RIGHT_TXT, SORT, URL, ACTIVE_IND, DISPLAY_IND, ICON) VALUES(6,NULL,'Job Ticket', 2, '', 'Y', 'Y', 'Y');
INSERT INTO RIGHTS(RIGHT_ID, PARENT_ID, RIGHT_TXT, SORT, URL, ACTIVE_IND, DISPLAY_IND, ICON) VALUES(28,NULL,'User Management', 7, '', 'Y', 'Y', 'Y');
INSERT INTO RIGHTS(RIGHT_ID, PARENT_ID, RIGHT_TXT, SORT, URL, ACTIVE_IND, DISPLAY_IND, ICON) VALUES(34,NULL,'Business Setup', 8, '', 'Y', 'Y', 'Y');
INSERT INTO RIGHTS(RIGHT_ID, PARENT_ID, RIGHT_TXT, SORT, URL, ACTIVE_IND, DISPLAY_IND, ICON) VALUES(20,NULL,'Financial', 5, '', 'Y', 'Y', 'Y');
INSERT INTO RIGHTS(RIGHT_ID, PARENT_ID, RIGHT_TXT, SORT, URL, ACTIVE_IND, DISPLAY_IND, ICON) VALUES(5,1,'Ticket Assignment ', 2, 'ticket-assignment', 'Y', 'Y', 'Y');
INSERT INTO RIGHTS(RIGHT_ID, PARENT_ID, RIGHT_TXT, SORT, URL, ACTIVE_IND, DISPLAY_IND, ICON) VALUES(4,1,'-', 3, '-', 'Y', 'N', 'Y');
INSERT INTO RIGHTS(RIGHT_ID, PARENT_ID, RIGHT_TXT, SORT, URL, ACTIVE_IND, DISPLAY_IND, ICON) VALUES(3,1,'--', 3, 'insight', 'Y', 'Y', '');
INSERT INTO RIGHTS(RIGHT_ID, PARENT_ID, RIGHT_TXT, SORT, URL, ACTIVE_IND, DISPLAY_IND, ICON) VALUES(2,1,'Dashboard (Dashbard)', 1, 'dashboard', 'Y', 'Y', '');
INSERT INTO RIGHTS(RIGHT_ID, PARENT_ID, RIGHT_TXT, SORT, URL, ACTIVE_IND, DISPLAY_IND, ICON) VALUES(10,6,'--', 4, '-', 'Y', 'Y', 'Y');
INSERT INTO RIGHTS(RIGHT_ID, PARENT_ID, RIGHT_TXT, SORT, URL, ACTIVE_IND, DISPLAY_IND, ICON) VALUES(9,6,'--', 3, '-', 'Y', 'N', 'Y');
INSERT INTO RIGHTS(RIGHT_ID, PARENT_ID, RIGHT_TXT, SORT, URL, ACTIVE_IND, DISPLAY_IND, ICON) VALUES(8,6,'View Summary', 2, 'view-summary', 'Y', 'N', 'Y');
INSERT INTO RIGHTS(RIGHT_ID, PARENT_ID, RIGHT_TXT, SORT, URL, ACTIVE_IND, DISPLAY_IND, ICON) VALUES(7,6,'Ticket Issance (Maintenence)', 1, 'ticket-issue', 'Y', 'Y', 'Y');
INSERT INTO RIGHTS(RIGHT_ID, PARENT_ID, RIGHT_TXT, SORT, URL, ACTIVE_IND, DISPLAY_IND, ICON) VALUES(11,6,'--', 5, '-', 'Y', 'Y', 'Y');
INSERT INTO RIGHTS(RIGHT_ID, PARENT_ID, RIGHT_TXT, SORT, URL, ACTIVE_IND, DISPLAY_IND, ICON) VALUES(67,12,'-', 14, '-', 'Y', 'N', 'Y');
INSERT INTO RIGHTS(RIGHT_ID, PARENT_ID, RIGHT_TXT, SORT, URL, ACTIVE_IND, DISPLAY_IND, ICON) VALUES(13,12,'Product', 1, 'products', 'Y', 'Y', 'Y');
INSERT INTO RIGHTS(RIGHT_ID, PARENT_ID, RIGHT_TXT, SORT, URL, ACTIVE_IND, DISPLAY_IND, ICON) VALUES(66,12,'Add Product', 13, 'edit-purchase/:id', 'Y', 'N', 'Y');
INSERT INTO RIGHTS(RIGHT_ID, PARENT_ID, RIGHT_TXT, SORT, URL, ACTIVE_IND, DISPLAY_IND, ICON) VALUES(17,14,'CheckList', 1, 'customer-check-list', 'Y', 'Y', 'Y');
INSERT INTO RIGHTS(RIGHT_ID, PARENT_ID, RIGHT_TXT, SORT, URL, ACTIVE_IND, DISPLAY_IND, ICON) VALUES(16,14,'--', 2, 'check-maintenence', 'Y', 'N', 'Y');
INSERT INTO RIGHTS(RIGHT_ID, PARENT_ID, RIGHT_TXT, SORT, URL, ACTIVE_IND, DISPLAY_IND, ICON) VALUES(15,14,'--', 2, 'check-training', 'Y', 'N', 'Y');
INSERT INTO RIGHTS(RIGHT_ID, PARENT_ID, RIGHT_TXT, SORT, URL, ACTIVE_IND, DISPLAY_IND, ICON) VALUES(18,14,'--', 4, 'check-advisor', 'Y', 'N', 'Y');
INSERT INTO RIGHTS(RIGHT_ID, PARENT_ID, RIGHT_TXT, SORT, URL, ACTIVE_IND, DISPLAY_IND, ICON) VALUES(19,14,'--', 5, 'message-alert', 'Y', 'N', 'Y');
INSERT INTO RIGHTS(RIGHT_ID, PARENT_ID, RIGHT_TXT, SORT, URL, ACTIVE_IND, DISPLAY_IND, ICON) VALUES(73,20,'Add Contract', 7, 'add-contract', 'Y', 'N', '');
INSERT INTO RIGHTS(RIGHT_ID, PARENT_ID, RIGHT_TXT, SORT, URL, ACTIVE_IND, DISPLAY_IND, ICON) VALUES(21,20,'Sales', 1, 'sale', 'Y', 'Y', 'Y');
INSERT INTO RIGHTS(RIGHT_ID, PARENT_ID, RIGHT_TXT, SORT, URL, ACTIVE_IND, DISPLAY_IND, ICON) VALUES(22,20,'Quotation', 2, 'quotation', 'Y', 'Y', 'Y');
INSERT INTO RIGHTS(RIGHT_ID, PARENT_ID, RIGHT_TXT, SORT, URL, ACTIVE_IND, DISPLAY_IND, ICON) VALUES(23,20,'Sale Order (Add Sale)', 3, 'edit-sales/:id', 'Y', 'Y', 'Y');
INSERT INTO RIGHTS(RIGHT_ID, PARENT_ID, RIGHT_TXT, SORT, URL, ACTIVE_IND, DISPLAY_IND, ICON) VALUES(24,20,'Purchase Order (Add Purchase)', 5, 'edit-purchase/:id', 'Y', 'Y', 'Y');
INSERT INTO RIGHTS(RIGHT_ID, PARENT_ID, RIGHT_TXT, SORT, URL, ACTIVE_IND, DISPLAY_IND, ICON) VALUES(25,20,'Purchase', 4, 'purchase', 'Y', 'Y', 'Y');
INSERT INTO RIGHTS(RIGHT_ID, PARENT_ID, RIGHT_TXT, SORT, URL, ACTIVE_IND, DISPLAY_IND, ICON) VALUES(26,20,'Contract', 6, 'contracts', 'Y', 'Y', 'Y');
INSERT INTO RIGHTS(RIGHT_ID, PARENT_ID, RIGHT_TXT, SORT, URL, ACTIVE_IND, DISPLAY_IND, ICON) VALUES(74,20,'Edit Contract', 8, 'edit-contract', 'Y', 'N', '');
INSERT INTO RIGHTS(RIGHT_ID, PARENT_ID, RIGHT_TXT, SORT, URL, ACTIVE_IND, DISPLAY_IND, ICON) VALUES(31,28,'Role Rights', 3, 'role-right', 'Y', 'Y', 'Y');
INSERT INTO RIGHTS(RIGHT_ID, PARENT_ID, RIGHT_TXT, SORT, URL, ACTIVE_IND, DISPLAY_IND, ICON) VALUES(30,28,'Role', 2, 'user-groups', 'Y', 'Y', 'Y');
INSERT INTO RIGHTS(RIGHT_ID, PARENT_ID, RIGHT_TXT, SORT, URL, ACTIVE_IND, DISPLAY_IND, ICON) VALUES(29,28,'Users & Right Allocations', 1, 'users', 'Y', 'Y', 'Y');
INSERT INTO RIGHTS(RIGHT_ID, PARENT_ID, RIGHT_TXT, SORT, URL, ACTIVE_IND, DISPLAY_IND, ICON) VALUES(33,28,'--', 5, 'user-right', 'Y', 'Y', 'Y');
INSERT INTO RIGHTS(RIGHT_ID, PARENT_ID, RIGHT_TXT, SORT, URL, ACTIVE_IND, DISPLAY_IND, ICON) VALUES(32,28,'Rights', 4, 'right', 'Y', 'Y', 'Y');
INSERT INTO RIGHTS(RIGHT_ID, PARENT_ID, RIGHT_TXT, SORT, URL, ACTIVE_IND, DISPLAY_IND, ICON) VALUES(40,34,'Designations', 7, 'designation', 'Y', 'Y', 'Y');
INSERT INTO RIGHTS(RIGHT_ID, PARENT_ID, RIGHT_TXT, SORT, URL, ACTIVE_IND, DISPLAY_IND, ICON) VALUES(41,34,'Feature', 3, 'features', 'Y', 'Y', 'Y');
INSERT INTO RIGHTS(RIGHT_ID, PARENT_ID, RIGHT_TXT, SORT, URL, ACTIVE_IND, DISPLAY_IND, ICON) VALUES(42,34,'Unit of Measurements', 4, 'unit', 'Y', 'Y', 'Y');
INSERT INTO RIGHTS(RIGHT_ID, PARENT_ID, RIGHT_TXT, SORT, URL, ACTIVE_IND, DISPLAY_IND, ICON) VALUES(43,34,'Hazard', 5, 'hazard', 'Y', 'Y', 'Y');
INSERT INTO RIGHTS(RIGHT_ID, PARENT_ID, RIGHT_TXT, SORT, URL, ACTIVE_IND, DISPLAY_IND, ICON) VALUES(44,34,'--', 10, 'leave-balance', 'Y', 'N', 'Y');
INSERT INTO RIGHTS(RIGHT_ID, PARENT_ID, RIGHT_TXT, SORT, URL, ACTIVE_IND, DISPLAY_IND, ICON) VALUES(45,34,'Customers', 11, 'customer', 'Y', 'Y', 'Y');
INSERT INTO RIGHTS(RIGHT_ID, PARENT_ID, RIGHT_TXT, SORT, URL, ACTIVE_IND, DISPLAY_IND, ICON) VALUES(46,34,'Vendors', 12, 'vendor', 'Y', 'Y', 'Y');
INSERT INTO RIGHTS(RIGHT_ID, PARENT_ID, RIGHT_TXT, SORT, URL, ACTIVE_IND, DISPLAY_IND, ICON) VALUES(47,34,'Employee', 13, 'employees', 'Y', 'Y', 'Y');
INSERT INTO RIGHTS(RIGHT_ID, PARENT_ID, RIGHT_TXT, SORT, URL, ACTIVE_IND, DISPLAY_IND, ICON) VALUES(39,34,'Departments', 7, 'department', 'Y', 'Y', 'Y');
INSERT INTO RIGHTS(RIGHT_ID, PARENT_ID, RIGHT_TXT, SORT, URL, ACTIVE_IND, DISPLAY_IND, ICON) VALUES(38,34,'--', 10, 'employee', 'Y', 'N', 'Y');
INSERT INTO RIGHTS(RIGHT_ID, PARENT_ID, RIGHT_TXT, SORT, URL, ACTIVE_IND, DISPLAY_IND, ICON) VALUES(37,34,'Branch', 3, 'branch', 'Y', 'Y', 'Y');
INSERT INTO RIGHTS(RIGHT_ID, PARENT_ID, RIGHT_TXT, SORT, URL, ACTIVE_IND, DISPLAY_IND, ICON) VALUES(36,34,'Company', 7, 'companies', 'Y', 'Y', 'Y');
INSERT INTO RIGHTS(RIGHT_ID, PARENT_ID, RIGHT_TXT, SORT, URL, ACTIVE_IND, DISPLAY_IND, ICON) VALUES(35,34,'Manufacturer', 2, 'manufacturer', 'Y', 'Y', 'Y');
INSERT INTO RIGHTS(RIGHT_ID, PARENT_ID, RIGHT_TXT, SORT, URL, ACTIVE_IND, DISPLAY_IND, ICON) VALUES(48,34,'-', 14, '-', 'Y', 'N', 'Y');
INSERT INTO RIGHTS(RIGHT_ID, PARENT_ID, RIGHT_TXT, SORT, URL, ACTIVE_IND, DISPLAY_IND, ICON) VALUES(52,34,'-', 18, '-', 'Y', 'N', 'Y');
INSERT INTO RIGHTS(RIGHT_ID, PARENT_ID, RIGHT_TXT, SORT, URL, ACTIVE_IND, DISPLAY_IND, ICON) VALUES(51,34,'-', 17, '-', 'Y', 'N', 'Y');
INSERT INTO RIGHTS(RIGHT_ID, PARENT_ID, RIGHT_TXT, SORT, URL, ACTIVE_IND, DISPLAY_IND, ICON) VALUES(50,34,'Contract', 16, 'contracts', 'Y', 'Y', 'Y');
INSERT INTO RIGHTS(RIGHT_ID, PARENT_ID, RIGHT_TXT, SORT, URL, ACTIVE_IND, DISPLAY_IND, ICON) VALUES(49,34,'Issue Type', 1, 'issue-type', 'Y', 'Y', 'Y');
INSERT INTO RIGHTS(RIGHT_ID, PARENT_ID, RIGHT_TXT, SORT, URL, ACTIVE_IND, DISPLAY_IND, ICON) VALUES(54,53,'Country', 2, 'country', 'Y', 'Y', 'Y');
INSERT INTO RIGHTS(RIGHT_ID, PARENT_ID, RIGHT_TXT, SORT, URL, ACTIVE_IND, DISPLAY_IND, ICON) VALUES(70,53,'--', 17, 'user-type', 'N', 'N', 'Y');
INSERT INTO RIGHTS(RIGHT_ID, PARENT_ID, RIGHT_TXT, SORT, URL, ACTIVE_IND, DISPLAY_IND, ICON) VALUES(56,53,'City', 3, 'city', 'Y', 'Y', 'Y');
INSERT INTO RIGHTS(RIGHT_ID, PARENT_ID, RIGHT_TXT, SORT, URL, ACTIVE_IND, DISPLAY_IND, ICON) VALUES(57,53,'Area', 4, 'area', 'Y', 'N', 'Y');
INSERT INTO RIGHTS(RIGHT_ID, PARENT_ID, RIGHT_TXT, SORT, URL, ACTIVE_IND, DISPLAY_IND, ICON) VALUES(58,53,'--', 5, 'language', 'N', 'N', 'Y');
INSERT INTO RIGHTS(RIGHT_ID, PARENT_ID, RIGHT_TXT, SORT, URL, ACTIVE_IND, DISPLAY_IND, ICON) VALUES(59,53,'--', 6, 'add-product', 'N', 'N', 'Y');
INSERT INTO RIGHTS(RIGHT_ID, PARENT_ID, RIGHT_TXT, SORT, URL, ACTIVE_IND, DISPLAY_IND, ICON) VALUES(60,53,'Categoies', 1, 'category', 'Y', 'Y', 'Y');
INSERT INTO RIGHTS(RIGHT_ID, PARENT_ID, RIGHT_TXT, SORT, URL, ACTIVE_IND, DISPLAY_IND, ICON) VALUES(61,53,'--', 8, 'edit-product', 'N', 'N', 'Y');
INSERT INTO RIGHTS(RIGHT_ID, PARENT_ID, RIGHT_TXT, SORT, URL, ACTIVE_IND, DISPLAY_IND, ICON) VALUES(62,53,'--', 9, 'work-indicator', 'N', 'N', 'Y');
INSERT INTO RIGHTS(RIGHT_ID, PARENT_ID, RIGHT_TXT, SORT, URL, ACTIVE_IND, DISPLAY_IND, ICON) VALUES(63,53,'Hazard Types', 10, 'hazard-type', 'Y', 'Y', 'Y');
INSERT INTO RIGHTS(RIGHT_ID, PARENT_ID, RIGHT_TXT, SORT, URL, ACTIVE_IND, DISPLAY_IND, ICON) VALUES(69,53,'--', 16, 'alert-type', 'N', 'N', 'Y');
INSERT INTO RIGHTS(RIGHT_ID, PARENT_ID, RIGHT_TXT, SORT, URL, ACTIVE_IND, DISPLAY_IND, ICON) VALUES(68,53,'--', 15, 'leave-type', 'N', 'N', 'Y');
INSERT INTO RIGHTS(RIGHT_ID, PARENT_ID, RIGHT_TXT, SORT, URL, ACTIVE_IND, DISPLAY_IND, ICON) VALUES(65,53,'--', 12, 'ticket-type', 'N', 'N', 'Y');
INSERT INTO RIGHTS(RIGHT_ID, PARENT_ID, RIGHT_TXT, SORT, URL, ACTIVE_IND, DISPLAY_IND, ICON) VALUES(64,53,'--', 11, 'task-type', 'N', 'N', 'Y');
INSERT INTO RIGHTS(RIGHT_ID, PARENT_ID, RIGHT_TXT, SORT, URL, ACTIVE_IND, DISPLAY_IND, ICON) VALUES(55,53,'Province', 2, 'province', 'Y', 'Y', 'Y');







INSERT INTO IMS_ROLE(ROLE_ID, ROLE_NME, ROLE_ACTIVE_IND) VALUES(1,'Super Admin', 'Y');
INSERT INTO IMS_USER_ROLE(USER_ROLE_ID, USER_ID, ROLE_ID) VALUES(1,1,1);

INSERT INTO ROLE_RIGHT(ROLE_RIGHT_ID, RIGHT_ID, ROLE_ID, CAN_EDIT, CAN_DELETE, CAN_EXPORT) VALUES(0,2,1,'Y','Y','Y');
INSERT INTO ROLE_RIGHT(ROLE_RIGHT_ID, RIGHT_ID, ROLE_ID, CAN_EDIT, CAN_DELETE, CAN_EXPORT) VALUES(281,3,1,'Y','Y','Y');
INSERT INTO ROLE_RIGHT(ROLE_RIGHT_ID, RIGHT_ID, ROLE_ID, CAN_EDIT, CAN_DELETE, CAN_EXPORT) VALUES(283,4,1,'Y','Y','Y');
INSERT INTO ROLE_RIGHT(ROLE_RIGHT_ID, RIGHT_ID, ROLE_ID, CAN_EDIT, CAN_DELETE, CAN_EXPORT) VALUES(282,5,1,'Y','Y','Y');
INSERT INTO ROLE_RIGHT(ROLE_RIGHT_ID, RIGHT_ID, ROLE_ID, CAN_EDIT, CAN_DELETE, CAN_EXPORT) VALUES(288,7,1,'Y','Y','Y');
INSERT INTO ROLE_RIGHT(ROLE_RIGHT_ID, RIGHT_ID, ROLE_ID, CAN_EDIT, CAN_DELETE, CAN_EXPORT) VALUES(285,8,1,'Y','Y','Y');
INSERT INTO ROLE_RIGHT(ROLE_RIGHT_ID, RIGHT_ID, ROLE_ID, CAN_EDIT, CAN_DELETE, CAN_EXPORT) VALUES(284,9,1,'Y','Y','Y');
INSERT INTO ROLE_RIGHT(ROLE_RIGHT_ID, RIGHT_ID, ROLE_ID, CAN_EDIT, CAN_DELETE, CAN_EXPORT) VALUES(286,10,1,'Y','Y','Y');
INSERT INTO ROLE_RIGHT(ROLE_RIGHT_ID, RIGHT_ID, ROLE_ID, CAN_EDIT, CAN_DELETE, CAN_EXPORT) VALUES(287,11,1,'Y','Y','Y');
INSERT INTO ROLE_RIGHT(ROLE_RIGHT_ID, RIGHT_ID, ROLE_ID, CAN_EDIT, CAN_DELETE, CAN_EXPORT) VALUES(289,13,1,'Y','Y','Y');
INSERT INTO ROLE_RIGHT(ROLE_RIGHT_ID, RIGHT_ID, ROLE_ID, CAN_EDIT, CAN_DELETE, CAN_EXPORT) VALUES(292,15,1,'Y','Y','Y');
INSERT INTO ROLE_RIGHT(ROLE_RIGHT_ID, RIGHT_ID, ROLE_ID, CAN_EDIT, CAN_DELETE, CAN_EXPORT) VALUES(296,16,1,'Y','Y','Y');
INSERT INTO ROLE_RIGHT(ROLE_RIGHT_ID, RIGHT_ID, ROLE_ID, CAN_EDIT, CAN_DELETE, CAN_EXPORT) VALUES(294,17,1,'Y','Y','Y');
INSERT INTO ROLE_RIGHT(ROLE_RIGHT_ID, RIGHT_ID, ROLE_ID, CAN_EDIT, CAN_DELETE, CAN_EXPORT) VALUES(293,18,1,'Y','Y','Y');
INSERT INTO ROLE_RIGHT(ROLE_RIGHT_ID, RIGHT_ID, ROLE_ID, CAN_EDIT, CAN_DELETE, CAN_EXPORT) VALUES(295,19,1,'Y','Y','Y');
INSERT INTO ROLE_RIGHT(ROLE_RIGHT_ID, RIGHT_ID, ROLE_ID, CAN_EDIT, CAN_DELETE, CAN_EXPORT) VALUES(298,21,1,'Y','Y','Y');
INSERT INTO ROLE_RIGHT(ROLE_RIGHT_ID, RIGHT_ID, ROLE_ID, CAN_EDIT, CAN_DELETE, CAN_EXPORT) VALUES(299,22,1,'Y','Y','Y');
INSERT INTO ROLE_RIGHT(ROLE_RIGHT_ID, RIGHT_ID, ROLE_ID, CAN_EDIT, CAN_DELETE, CAN_EXPORT) VALUES(300,23,1,'Y','Y','Y');
INSERT INTO ROLE_RIGHT(ROLE_RIGHT_ID, RIGHT_ID, ROLE_ID, CAN_EDIT, CAN_DELETE, CAN_EXPORT) VALUES(301,24,1,'Y','Y','Y');
INSERT INTO ROLE_RIGHT(ROLE_RIGHT_ID, RIGHT_ID, ROLE_ID, CAN_EDIT, CAN_DELETE, CAN_EXPORT) VALUES(302,25,1,'Y','Y','Y');
INSERT INTO ROLE_RIGHT(ROLE_RIGHT_ID, RIGHT_ID, ROLE_ID, CAN_EDIT, CAN_DELETE, CAN_EXPORT) VALUES(297,26,1,'Y','Y','Y');
INSERT INTO ROLE_RIGHT(ROLE_RIGHT_ID, RIGHT_ID, ROLE_ID, CAN_EDIT, CAN_DELETE, CAN_EXPORT) VALUES(306,29,1,'Y','Y','Y');
INSERT INTO ROLE_RIGHT(ROLE_RIGHT_ID, RIGHT_ID, ROLE_ID, CAN_EDIT, CAN_DELETE, CAN_EXPORT) VALUES(304,30,1,'Y','Y','Y');
INSERT INTO ROLE_RIGHT(ROLE_RIGHT_ID, RIGHT_ID, ROLE_ID, CAN_EDIT, CAN_DELETE, CAN_EXPORT) VALUES(305,31,1,'Y','Y','Y');
INSERT INTO ROLE_RIGHT(ROLE_RIGHT_ID, RIGHT_ID, ROLE_ID, CAN_EDIT, CAN_DELETE, CAN_EXPORT) VALUES(307,32,1,'Y','Y','Y');
INSERT INTO ROLE_RIGHT(ROLE_RIGHT_ID, RIGHT_ID, ROLE_ID, CAN_EDIT, CAN_DELETE, CAN_EXPORT) VALUES(303,33,1,'Y','Y','Y');
INSERT INTO ROLE_RIGHT(ROLE_RIGHT_ID, RIGHT_ID, ROLE_ID, CAN_EDIT, CAN_DELETE, CAN_EXPORT) VALUES(315,35,1,'Y','Y','Y');
INSERT INTO ROLE_RIGHT(ROLE_RIGHT_ID, RIGHT_ID, ROLE_ID, CAN_EDIT, CAN_DELETE, CAN_EXPORT) VALUES(316,36,1,'Y','Y','Y');
INSERT INTO ROLE_RIGHT(ROLE_RIGHT_ID, RIGHT_ID, ROLE_ID, CAN_EDIT, CAN_DELETE, CAN_EXPORT) VALUES(317,37,1,'Y','Y','Y');
INSERT INTO ROLE_RIGHT(ROLE_RIGHT_ID, RIGHT_ID, ROLE_ID, CAN_EDIT, CAN_DELETE, CAN_EXPORT) VALUES(318,38,1,'Y','Y','Y');
INSERT INTO ROLE_RIGHT(ROLE_RIGHT_ID, RIGHT_ID, ROLE_ID, CAN_EDIT, CAN_DELETE, CAN_EXPORT) VALUES(310,39,1,'Y','Y','Y');
INSERT INTO ROLE_RIGHT(ROLE_RIGHT_ID, RIGHT_ID, ROLE_ID, CAN_EDIT, CAN_DELETE, CAN_EXPORT) VALUES(321,40,1,'Y','Y','Y');
INSERT INTO ROLE_RIGHT(ROLE_RIGHT_ID, RIGHT_ID, ROLE_ID, CAN_EDIT, CAN_DELETE, CAN_EXPORT) VALUES(320,41,1,'Y','Y','Y');
INSERT INTO ROLE_RIGHT(ROLE_RIGHT_ID, RIGHT_ID, ROLE_ID, CAN_EDIT, CAN_DELETE, CAN_EXPORT) VALUES(308,42,1,'Y','Y','Y');
INSERT INTO ROLE_RIGHT(ROLE_RIGHT_ID, RIGHT_ID, ROLE_ID, CAN_EDIT, CAN_DELETE, CAN_EXPORT) VALUES(313,43,1,'Y','Y','Y');
INSERT INTO ROLE_RIGHT(ROLE_RIGHT_ID, RIGHT_ID, ROLE_ID, CAN_EDIT, CAN_DELETE, CAN_EXPORT) VALUES(309,44,1,'Y','Y','Y');
INSERT INTO ROLE_RIGHT(ROLE_RIGHT_ID, RIGHT_ID, ROLE_ID, CAN_EDIT, CAN_DELETE, CAN_EXPORT) VALUES(314,45,1,'Y','Y','Y');
INSERT INTO ROLE_RIGHT(ROLE_RIGHT_ID, RIGHT_ID, ROLE_ID, CAN_EDIT, CAN_DELETE, CAN_EXPORT) VALUES(323,46,1,'Y','Y','Y');
INSERT INTO ROLE_RIGHT(ROLE_RIGHT_ID, RIGHT_ID, ROLE_ID, CAN_EDIT, CAN_DELETE, CAN_EXPORT) VALUES(324,47,1,'Y','Y','Y');
INSERT INTO ROLE_RIGHT(ROLE_RIGHT_ID, RIGHT_ID, ROLE_ID, CAN_EDIT, CAN_DELETE, CAN_EXPORT) VALUES(322,48,1,'Y','Y','Y');
INSERT INTO ROLE_RIGHT(ROLE_RIGHT_ID, RIGHT_ID, ROLE_ID, CAN_EDIT, CAN_DELETE, CAN_EXPORT) VALUES(311,49,1,'Y','Y','Y');
INSERT INTO ROLE_RIGHT(ROLE_RIGHT_ID, RIGHT_ID, ROLE_ID, CAN_EDIT, CAN_DELETE, CAN_EXPORT) VALUES(312,50,1,'Y','Y','Y');
INSERT INTO ROLE_RIGHT(ROLE_RIGHT_ID, RIGHT_ID, ROLE_ID, CAN_EDIT, CAN_DELETE, CAN_EXPORT) VALUES(319,51,1,'Y','Y','Y');
INSERT INTO ROLE_RIGHT(ROLE_RIGHT_ID, RIGHT_ID, ROLE_ID, CAN_EDIT, CAN_DELETE, CAN_EXPORT) VALUES(325,52,1,'Y','Y','Y');
INSERT INTO ROLE_RIGHT(ROLE_RIGHT_ID, RIGHT_ID, ROLE_ID, CAN_EDIT, CAN_DELETE, CAN_EXPORT) VALUES(329,54,1,'Y','Y','Y');
INSERT INTO ROLE_RIGHT(ROLE_RIGHT_ID, RIGHT_ID, ROLE_ID, CAN_EDIT, CAN_DELETE, CAN_EXPORT) VALUES(337,55,1,'Y','Y','Y');
INSERT INTO ROLE_RIGHT(ROLE_RIGHT_ID, RIGHT_ID, ROLE_ID, CAN_EDIT, CAN_DELETE, CAN_EXPORT) VALUES(336,56,1,'Y','Y','Y');
INSERT INTO ROLE_RIGHT(ROLE_RIGHT_ID, RIGHT_ID, ROLE_ID, CAN_EDIT, CAN_DELETE, CAN_EXPORT) VALUES(327,57,1,'Y','Y','Y');
INSERT INTO ROLE_RIGHT(ROLE_RIGHT_ID, RIGHT_ID, ROLE_ID, CAN_EDIT, CAN_DELETE, CAN_EXPORT) VALUES(326,58,1,'Y','Y','Y');
INSERT INTO ROLE_RIGHT(ROLE_RIGHT_ID, RIGHT_ID, ROLE_ID, CAN_EDIT, CAN_DELETE, CAN_EXPORT) VALUES(328,59,1,'Y','Y','Y');
INSERT INTO ROLE_RIGHT(ROLE_RIGHT_ID, RIGHT_ID, ROLE_ID, CAN_EDIT, CAN_DELETE, CAN_EXPORT) VALUES(330,60,1,'Y','Y','Y');
INSERT INTO ROLE_RIGHT(ROLE_RIGHT_ID, RIGHT_ID, ROLE_ID, CAN_EDIT, CAN_DELETE, CAN_EXPORT) VALUES(331,61,1,'Y','Y','Y');
INSERT INTO ROLE_RIGHT(ROLE_RIGHT_ID, RIGHT_ID, ROLE_ID, CAN_EDIT, CAN_DELETE, CAN_EXPORT) VALUES(332,62,1,'Y','Y','Y');
INSERT INTO ROLE_RIGHT(ROLE_RIGHT_ID, RIGHT_ID, ROLE_ID, CAN_EDIT, CAN_DELETE, CAN_EXPORT) VALUES(333,63,1,'Y','Y','Y');
INSERT INTO ROLE_RIGHT(ROLE_RIGHT_ID, RIGHT_ID, ROLE_ID, CAN_EDIT, CAN_DELETE, CAN_EXPORT) VALUES(334,64,1,'Y','Y','Y');
INSERT INTO ROLE_RIGHT(ROLE_RIGHT_ID, RIGHT_ID, ROLE_ID, CAN_EDIT, CAN_DELETE, CAN_EXPORT) VALUES(335,65,1,'Y','Y','Y');
INSERT INTO ROLE_RIGHT(ROLE_RIGHT_ID, RIGHT_ID, ROLE_ID, CAN_EDIT, CAN_DELETE, CAN_EXPORT) VALUES(338,66,1,'Y','Y','Y');
INSERT INTO ROLE_RIGHT(ROLE_RIGHT_ID, RIGHT_ID, ROLE_ID, CAN_EDIT, CAN_DELETE, CAN_EXPORT) VALUES(339,67,1,'Y','Y','Y');
INSERT INTO ROLE_RIGHT(ROLE_RIGHT_ID, RIGHT_ID, ROLE_ID, CAN_EDIT, CAN_DELETE, CAN_EXPORT) VALUES(340,68,1,'Y','Y','Y');
INSERT INTO ROLE_RIGHT(ROLE_RIGHT_ID, RIGHT_ID, ROLE_ID, CAN_EDIT, CAN_DELETE, CAN_EXPORT) VALUES(341,69,1,'Y','Y','Y');
INSERT INTO ROLE_RIGHT(ROLE_RIGHT_ID, RIGHT_ID, ROLE_ID, CAN_EDIT, CAN_DELETE, CAN_EXPORT) VALUES(342,70,1,'Y','Y','Y');


INSERT INTO USER_RIGHT(USER_RIGHT_ID, USER_ID, RIGHT_ID) VALUES(1,1, 1);
INSERT INTO USER_RIGHT(USER_RIGHT_ID, USER_ID, RIGHT_ID) VALUES(2,1, 2);
INSERT INTO USER_RIGHT(USER_RIGHT_ID, USER_ID, RIGHT_ID) VALUES(3,1, 3);
INSERT INTO USER_RIGHT(USER_RIGHT_ID, USER_ID, RIGHT_ID) VALUES(4,1, 4);
INSERT INTO USER_RIGHT(USER_RIGHT_ID, USER_ID, RIGHT_ID) VALUES(5,1, 5);
INSERT INTO USER_RIGHT(USER_RIGHT_ID, USER_ID, RIGHT_ID) VALUES(6,1, 6);
INSERT INTO USER_RIGHT(USER_RIGHT_ID, USER_ID, RIGHT_ID) VALUES(7,1, 7);
INSERT INTO USER_RIGHT(USER_RIGHT_ID, USER_ID, RIGHT_ID) VALUES(8,1, 8);
INSERT INTO USER_RIGHT(USER_RIGHT_ID, USER_ID, RIGHT_ID) VALUES(9,1, 9);
INSERT INTO USER_RIGHT(USER_RIGHT_ID, USER_ID, RIGHT_ID) VALUES(10,1, 10);
INSERT INTO USER_RIGHT(USER_RIGHT_ID, USER_ID, RIGHT_ID) VALUES(11,1, 11);
INSERT INTO USER_RIGHT(USER_RIGHT_ID, USER_ID, RIGHT_ID) VALUES(12,1, 12);
INSERT INTO USER_RIGHT(USER_RIGHT_ID, USER_ID, RIGHT_ID) VALUES(13,1, 13);
INSERT INTO USER_RIGHT(USER_RIGHT_ID, USER_ID, RIGHT_ID) VALUES(14,1, 14);
INSERT INTO USER_RIGHT(USER_RIGHT_ID, USER_ID, RIGHT_ID) VALUES(15,1, 15);
INSERT INTO USER_RIGHT(USER_RIGHT_ID, USER_ID, RIGHT_ID) VALUES(16,1, 16);
INSERT INTO USER_RIGHT(USER_RIGHT_ID, USER_ID, RIGHT_ID) VALUES(17,1, 17);
INSERT INTO USER_RIGHT(USER_RIGHT_ID, USER_ID, RIGHT_ID) VALUES(18,1, 18);
INSERT INTO USER_RIGHT(USER_RIGHT_ID, USER_ID, RIGHT_ID) VALUES(19,1, 19);
INSERT INTO USER_RIGHT(USER_RIGHT_ID, USER_ID, RIGHT_ID) VALUES(20,1, 20);
INSERT INTO USER_RIGHT(USER_RIGHT_ID, USER_ID, RIGHT_ID) VALUES(21,1, 21);
INSERT INTO USER_RIGHT(USER_RIGHT_ID, USER_ID, RIGHT_ID) VALUES(22,1, 22);
INSERT INTO USER_RIGHT(USER_RIGHT_ID, USER_ID, RIGHT_ID) VALUES(23,1, 23);
INSERT INTO USER_RIGHT(USER_RIGHT_ID, USER_ID, RIGHT_ID) VALUES(24,1, 24);
INSERT INTO USER_RIGHT(USER_RIGHT_ID, USER_ID, RIGHT_ID) VALUES(25,1, 25);
INSERT INTO USER_RIGHT(USER_RIGHT_ID, USER_ID, RIGHT_ID) VALUES(26,1, 26);
INSERT INTO USER_RIGHT(USER_RIGHT_ID, USER_ID, RIGHT_ID) VALUES(27,1, 27);
INSERT INTO USER_RIGHT(USER_RIGHT_ID, USER_ID, RIGHT_ID) VALUES(28,1, 28);
INSERT INTO USER_RIGHT(USER_RIGHT_ID, USER_ID, RIGHT_ID) VALUES(29,1, 29);
INSERT INTO USER_RIGHT(USER_RIGHT_ID, USER_ID, RIGHT_ID) VALUES(30,1, 30);
INSERT INTO USER_RIGHT(USER_RIGHT_ID, USER_ID, RIGHT_ID) VALUES(31,1, 31);
INSERT INTO USER_RIGHT(USER_RIGHT_ID, USER_ID, RIGHT_ID) VALUES(32,1, 32);
INSERT INTO USER_RIGHT(USER_RIGHT_ID, USER_ID, RIGHT_ID) VALUES(33,1, 33);
INSERT INTO USER_RIGHT(USER_RIGHT_ID, USER_ID, RIGHT_ID) VALUES(34,1, 34);
INSERT INTO USER_RIGHT(USER_RIGHT_ID, USER_ID, RIGHT_ID) VALUES(35,1, 35);
INSERT INTO USER_RIGHT(USER_RIGHT_ID, USER_ID, RIGHT_ID) VALUES(36,1, 36);
INSERT INTO USER_RIGHT(USER_RIGHT_ID, USER_ID, RIGHT_ID) VALUES(37,1, 37);
INSERT INTO USER_RIGHT(USER_RIGHT_ID, USER_ID, RIGHT_ID) VALUES(38,1, 38);
INSERT INTO USER_RIGHT(USER_RIGHT_ID, USER_ID, RIGHT_ID) VALUES(39,1, 39);
INSERT INTO USER_RIGHT(USER_RIGHT_ID, USER_ID, RIGHT_ID) VALUES(40,1, 40);
INSERT INTO USER_RIGHT(USER_RIGHT_ID, USER_ID, RIGHT_ID) VALUES(41,1, 41);
INSERT INTO USER_RIGHT(USER_RIGHT_ID, USER_ID, RIGHT_ID) VALUES(42,1, 42);
INSERT INTO USER_RIGHT(USER_RIGHT_ID, USER_ID, RIGHT_ID) VALUES(43,1, 43);
INSERT INTO USER_RIGHT(USER_RIGHT_ID, USER_ID, RIGHT_ID) VALUES(44,1, 44);
INSERT INTO USER_RIGHT(USER_RIGHT_ID, USER_ID, RIGHT_ID) VALUES(45,1, 45);
INSERT INTO USER_RIGHT(USER_RIGHT_ID, USER_ID, RIGHT_ID) VALUES(46,1, 46);
INSERT INTO USER_RIGHT(USER_RIGHT_ID, USER_ID, RIGHT_ID) VALUES(47,1, 47);
INSERT INTO USER_RIGHT(USER_RIGHT_ID, USER_ID, RIGHT_ID) VALUES(48,1, 48);
INSERT INTO USER_RIGHT(USER_RIGHT_ID, USER_ID, RIGHT_ID) VALUES(49,1, 49);
INSERT INTO USER_RIGHT(USER_RIGHT_ID, USER_ID, RIGHT_ID) VALUES(50,1, 50);
INSERT INTO USER_RIGHT(USER_RIGHT_ID, USER_ID, RIGHT_ID) VALUES(51,1, 51);
INSERT INTO USER_RIGHT(USER_RIGHT_ID, USER_ID, RIGHT_ID) VALUES(52,1, 52);
INSERT INTO USER_RIGHT(USER_RIGHT_ID, USER_ID, RIGHT_ID) VALUES(53,1, 53);
INSERT INTO USER_RIGHT(USER_RIGHT_ID, USER_ID, RIGHT_ID) VALUES(54,1, 54);
INSERT INTO USER_RIGHT(USER_RIGHT_ID, USER_ID, RIGHT_ID) VALUES(55,1, 55);
INSERT INTO USER_RIGHT(USER_RIGHT_ID, USER_ID, RIGHT_ID) VALUES(56,1, 56);
INSERT INTO USER_RIGHT(USER_RIGHT_ID, USER_ID, RIGHT_ID) VALUES(57,1, 57);
INSERT INTO USER_RIGHT(USER_RIGHT_ID, USER_ID, RIGHT_ID) VALUES(58,1, 58);
INSERT INTO USER_RIGHT(USER_RIGHT_ID, USER_ID, RIGHT_ID) VALUES(59,1, 59);
INSERT INTO USER_RIGHT(USER_RIGHT_ID, USER_ID, RIGHT_ID) VALUES(60,1, 60);
INSERT INTO USER_RIGHT(USER_RIGHT_ID, USER_ID, RIGHT_ID) VALUES(61,1, 61);
INSERT INTO USER_RIGHT(USER_RIGHT_ID, USER_ID, RIGHT_ID) VALUES(62,1, 62);
INSERT INTO USER_RIGHT(USER_RIGHT_ID, USER_ID, RIGHT_ID) VALUES(63,1, 63);
INSERT INTO USER_RIGHT(USER_RIGHT_ID, USER_ID, RIGHT_ID) VALUES(64,1, 64);
INSERT INTO USER_RIGHT(USER_RIGHT_ID, USER_ID, RIGHT_ID) VALUES(65,1, 65);
INSERT INTO USER_RIGHT(USER_RIGHT_ID, USER_ID, RIGHT_ID) VALUES(66,1, 66);
INSERT INTO USER_RIGHT(USER_RIGHT_ID, USER_ID, RIGHT_ID) VALUES(67,1, 67);
INSERT INTO USER_RIGHT(USER_RIGHT_ID, USER_ID, RIGHT_ID) VALUES(68,1, 68);
INSERT INTO USER_RIGHT(USER_RIGHT_ID, USER_ID, RIGHT_ID) VALUES(69,1, 69);
INSERT INTO USER_RIGHT(USER_RIGHT_ID, USER_ID, RIGHT_ID) VALUES(70,1, 70);

